{"cameraMode":{"drawMode":0,"name":"Shaded","section":"Shading Mode"},"sceneLighting":true,"audioPlay":false,"sceneViewState":{"showFog":true,"showMaterialUpdate":false,"showSkybox":true,"showFlares":true,"showImageEffects":true,"showParticleSystems":true},"in2DMode":false,"pivot":{"x":51.47382736206055,"y":36.063209533691409,"z":-22.13739013671875},"rotation":{"x":0.1300411820411682,"y":0.07724957168102265,"z":-0.010164232924580574,"w":0.9884459376335144},"size":394.88531494140627,"orthographic":false}